<?xml version="1.0" encoding="UTF-8" ?>
<!DOCTYPE tiles-definitions PUBLIC  "-//Apache Software Foundation//DTD Tiles Configuration 3.0//EN"  "http://tiles.apache.org/dtds/tiles-config_3_0.dtd">
<tiles-definitions>

	<!-- Base Definition -->
	<definition name="base-definition" template="/WEB-INF/tiles/template/template.jsp">
		<put-attribute name="title" value="" />
		<put-attribute name="header" value="/WEB-INF/tiles/template/header.jsp" />
		<put-attribute name="menu" value="/WEB-INF/tiles/template/menu.jsp" />
		<put-attribute name="body" value="" />
		<put-attribute name="footer" value="/WEB-INF/tiles/template/footer.jsp" />
	</definition>

	<definition name="base.definition2" template="/WEB-INF/views/login.jsp">
		<put-attribute name="body" value=""></put-attribute>
	</definition>

	<!-- Login Page -->
	<definition name="login" extends="base.definition2">
		<put-attribute name="title" value="Login Form"></put-attribute>
		<put-attribute name="body" value="/WEB-INF/views/login.jsp"></put-attribute>
	</definition>

	<!-- Home Page Start-->
	<definition name="index" extends="base-definition">
		<put-attribute name="title" value="Dashboard | PRMS" />
		<put-attribute name="body" value="/WEB-INF/views/index.jsp" />
	</definition>
	
	<definition name="selectCompany" extends="base-definition">
		<put-attribute name="title" value="Dashboard | PRMS" />
		<put-attribute name="body" value="/WEB-INF/views/selectCompany.jsp" />
	</definition>

	<definition name="home" extends="base-definition">
		<put-attribute name="title" value="Dashboard | PAF" />
		<put-attribute name="body" value="/WEB-INF/views/home.jsp" />
	</definition>
	
	<definition name="myProfile" extends="base-definition">
		<put-attribute name="title" value="My Profile" />
		<put-attribute name="body" value="/WEB-INF/views/myProfile.jsp" />
	</definition>	
	<!-- Home Page End-->

	<!-- Company Start -->
	<definition name="addCompany" extends="base-definition">
		<put-attribute name="title" value="Add New Company" />
		<put-attribute name="body" value="/WEB-INF/views/company/create.jsp" />
	</definition>

	<definition name="editCompany" extends="base-definition">
		<put-attribute name="title" value="Edit Company" />
		<put-attribute name="body" value="/WEB-INF/views/company/edit.jsp" />
	</definition>

	<definition name="companyList" extends="base-definition">
		<put-attribute name="title" value="Company List" />
		<put-attribute name="body" value="/WEB-INF/views/company/list.jsp" />
	</definition>

	<definition name="showCompany" extends="base-definition">
		<put-attribute name="title" value="Show Company" />
		<put-attribute name="body" value="/WEB-INF/views/company/show.jsp" />
	</definition>
	<!-- Company End -->
	
	<!-- Job Advance Dashboard Start -->
	<definition name="userDashboard" extends="base-definition">
		<put-attribute name="title" value="User Dashboard" />
		<put-attribute name="body" value="/WEB-INF/views/userDashboard.jsp" />
	</definition>
	
	<definition name="concernDashboard" extends="base-definition">
		<put-attribute name="title" value="Concern Dashboard" />
		<put-attribute name="body" value="/WEB-INF/views/concernDashboard.jsp" />
	</definition>
	
	<definition name="adminDashboard" extends="base-definition">
		<put-attribute name="title" value="Administrator Dashboard" />
		<put-attribute name="body" value="/WEB-INF/views/adminDashboard.jsp" />
	</definition>
	<!-- Job Advance Dashboard End -->
	
	<!-- User Start -->
	<definition name="addUser" extends="base-definition">
		<put-attribute name="title" value="Add New User" />
		<put-attribute name="body" value="/WEB-INF/views/user/create.jsp" />
	</definition>

	<definition name="editUser" extends="base-definition">
		<put-attribute name="title" value="Edit User" />
		<put-attribute name="body" value="/WEB-INF/views/user/edit.jsp" />
	</definition>

	<definition name="userList" extends="base-definition">
		<put-attribute name="title" value="User List" />
		<put-attribute name="body" value="/WEB-INF/views/user/list.jsp" />
	</definition>

	<definition name="showUser" extends="base-definition">
		<put-attribute name="title" value="Show User" />
		<put-attribute name="body" value="/WEB-INF/views/user/show.jsp" />
	</definition>
	<!-- User End -->
	
	<!-- Status Start -->
	<definition name="addCFStatus" extends="base-definition">
		<put-attribute name="title" value="Add New Status" />
		<put-attribute name="body" value="/WEB-INF/views/cfStatus/create.jsp" />
	</definition>

	<definition name="editCFStatus" extends="base-definition">
		<put-attribute name="title" value="Edit Status" />
		<put-attribute name="body" value="/WEB-INF/views/cfStatus/edit.jsp" />
	</definition>

	<definition name="cfStatusList" extends="base-definition">
		<put-attribute name="title" value="Status List" />
		<put-attribute name="body" value="/WEB-INF/views/cfStatus/list.jsp" />
	</definition>

	<definition name="showCFStatus" extends="base-definition">
		<put-attribute name="title" value="Show Status" />
		<put-attribute name="body" value="/WEB-INF/views/cfStatus/show.jsp" />
	</definition>
	<!-- Status End -->
	
	<!-- Customer Start -->
	<definition name="addCustomer" extends="base-definition">
		<put-attribute name="title" value="Add New Customer" />
		<put-attribute name="body" value="/WEB-INF/views/customer/create.jsp" />
	</definition>

	<definition name="editCustomer" extends="base-definition">
		<put-attribute name="title" value="Edit Customer" />
		<put-attribute name="body" value="/WEB-INF/views/customer/edit.jsp" />
	</definition>

	<definition name="customerList" extends="base-definition">
		<put-attribute name="title" value="Customer List" />
		<put-attribute name="body" value="/WEB-INF/views/customer/list.jsp" />
	</definition>

	<definition name="showCustomer" extends="base-definition">
		<put-attribute name="title" value="Show Customer" />
		<put-attribute name="body" value="/WEB-INF/views/customer/show.jsp" />
	</definition>
	<!-- Customer End -->
	
	<!-- Supplier Start -->
	<definition name="addSupplier" extends="base-definition">
		<put-attribute name="title" value="Add New Supplier" />
		<put-attribute name="body" value="/WEB-INF/views/supplier/create.jsp" />
	</definition>

	<definition name="editSupplier" extends="base-definition">
		<put-attribute name="title" value="Edit Supplier" />
		<put-attribute name="body" value="/WEB-INF/views/supplier/edit.jsp" />
	</definition>

	<definition name="supplierList" extends="base-definition">
		<put-attribute name="title" value="Supplier List" />
		<put-attribute name="body" value="/WEB-INF/views/supplier/list.jsp" />
	</definition>

	<definition name="showSupplier" extends="base-definition">
		<put-attribute name="title" value="Show Supplier" />
		<put-attribute name="body" value="/WEB-INF/views/supplier/show.jsp" />
	</definition>
	<!-- Supplier End -->
	
	<!-- cfJobs Start -->
	<definition name="addCFJobs" extends="base-definition">
		<put-attribute name="title" value="Add New Jobs" />
		<put-attribute name="body" value="/WEB-INF/views/cfJobs/create.jsp" />
	</definition>

	<definition name="editCFJobs" extends="base-definition">
		<put-attribute name="title" value="Edit Jobs" />
		<put-attribute name="body" value="/WEB-INF/views/cfJobs/edit.jsp" />
	</definition>

	<definition name="cfJobsList" extends="base-definition">
		<put-attribute name="title" value="Jobs List" />
		<put-attribute name="body" value="/WEB-INF/views/cfJobs/list.jsp" />
	</definition>
	
	<definition name="customerJobList" extends="base-definition">
		<put-attribute name="title" value="Jobs List" />
		<put-attribute name="body" value="/WEB-INF/views/cfJobs/customerJobList.jsp" />
	</definition>

	<definition name="showCFJobs" extends="base-definition">
		<put-attribute name="title" value="Show Jobs" />
		<put-attribute name="body" value="/WEB-INF/views/cfJobs/show.jsp" />
	</definition>
	<!-- cfJobs End -->
	
	
</tiles-definitions>