<?xml version="1.0" encoding="UTF-8"?>
<beans xmlns="http://www.springframework.org/schema/beans"
	xmlns:xsi="http://www.w3.org/2001/XMLSchema-instance" xmlns:context="http://www.springframework.org/schema/context"
	xmlns:mvc="http://www.springframework.org/schema/mvc" xmlns:security="http://www.springframework.org/schema/security"
	xsi:schemaLocation="http://www.springframework.org/schema/beans http://www.springframework.org/schema/beans/spring-beans.xsd
		http://www.springframework.org/schema/context http://www.springframework.org/schema/context/spring-context-4.2.xsd
		http://www.springframework.org/schema/mvc http://www.springframework.org/schema/mvc/spring-mvc-4.2.xsd
		http://www.springframework.org/schema/security http://www.springframework.org/schema/security/spring-security-4.0.xsd">


	<security:http auto-config="true" use-expressions="true">
		<security:headers>
			<security:cache-control />
			<security:hsts />
		</security:headers>
		<security:intercept-url pattern="/"
			access="hasRole('ROLE_ADMIN') or hasRole('ROLE_USER') or hasRole('ROLE_UTILITY_ADMIN') or hasRole('ROLE_LEAVE_ADMIN') or hasRole('ROLE_LEAVE_SUPERVISOR') or hasRole('ROLE_LEAVE_USER') or hasRole('ROLE_ATTENDANCE_ADMIN') or hasRole('ROLE_ATTENDANCE_SUPERVISOR') or hasRole('ROLE_ATTENDANCE_USER') or hasRole('ROLE_SUPERVISOR') or hasRole('ROLE_ACC_FIN') or hasRole('ROLE_COO_PA') or hasRole('ROLE_COO') or hasRole('ROLE_COA') or hasRole('ROLE_COO')or hasRole('ROLE_COO_PA')or hasRole('ROLE_ACC_FIN')or hasRole('ROLE_ACC_COA')" />
		
		<security:intercept-url pattern="/index"
			access="hasRole('ROLE_ADMIN') or hasRole('ROLE_USER') or hasRole('ROLE_UTILITY_ADMIN') or hasRole('ROLE_LEAVE_ADMIN') or hasRole('ROLE_LEAVE_SUPERVISOR') or hasRole('ROLE_LEAVE_USER') or hasRole('ROLE_ATTENDANCE_ADMIN') or hasRole('ROLE_ATTENDANCE_SUPERVISOR') or hasRole('ROLE_ATTENDANCE_USER') or hasRole('ROLE_SUPERVISOR') or hasRole('ROLE_ACC_FIN') or hasRole('ROLE_COO_PA') or hasRole('ROLE_COO') or hasRole('ROLE_COA') or hasRole('ROLE_COO')or hasRole('ROLE_COO_PA')or hasRole('ROLE_ACC_FIN')or hasRole('ROLE_ACC_COA')"/>
			
		
		<!-- added by taleb start -->
		<!-- settings start-->
		<security:intercept-url pattern="/getAIForm"
			access="hasRole('ROLE_ADMIN') or hasRole('ROLE_LEAVE_ADMIN')" />
			
		<security:intercept-url pattern="/aiList"
			access="hasRole('ROLE_ADMIN') or hasRole('ROLE_LEAVE_ADMIN')" />
			
		<security:intercept-url pattern="/saveAIForm"
			access="hasRole('ROLE_ADMIN') or hasRole('ROLE_LEAVE_ADMIN')" />
			
		<security:intercept-url pattern="/editAi"
			access="hasRole('ROLE_ADMIN') or hasRole('ROLE_LEAVE_ADMIN')" />
			
		<security:intercept-url pattern="/removeAi"
			access="hasRole('ROLE_ADMIN') or hasRole('ROLE_LEAVE_ADMIN')" />		
			
		<!-- settings end-->
			
		<!-- tms start -->
		<security:intercept-url pattern="/newRequisition"
			access="hasRole('ROLE_ADMIN') or hasRole('ROLE_USER') or hasRole('ROLE_UTILITY_ADMIN') or hasRole('ROLE_LEAVE_ADMIN') or hasRole('ROLE_LEAVE_SUPERVISOR') or hasRole('ROLE_LEAVE_USER') or hasRole('ROLE_ATTENDANCE_ADMIN') or hasRole('ROLE_ATTENDANCE_SUPERVISOR') or hasRole('ROLE_ATTENDANCE_USER') or hasRole('ROLE_SUPERVISOR')" />		
		
		<security:intercept-url pattern="/pendingRequisition"
			access="hasRole('ROLE_ADMIN') or hasRole('ROLE_LEAVE_ADMIN')" />
		
		<security:intercept-url pattern="/requisitionHistory"
			access="hasRole('ROLE_ADMIN') or hasRole('ROLE_LEAVE_ADMIN')" />
			
		<security:intercept-url pattern="/saveRequisitionForm"
			access="hasRole('ROLE_ADMIN') or hasRole('ROLE_USER') or hasRole('ROLE_UTILITY_ADMIN') or hasRole('ROLE_LEAVE_ADMIN') or hasRole('ROLE_LEAVE_SUPERVISOR') or hasRole('ROLE_LEAVE_USER') or hasRole('ROLE_ATTENDANCE_ADMIN') or hasRole('ROLE_ATTENDANCE_SUPERVISOR') or hasRole('ROLE_ATTENDANCE_USER') or hasRole('ROLE_SUPERVISOR')" />
			
		<security:intercept-url pattern="/submitRequisition"
			access="hasRole('ROLE_ADMIN') or hasRole('ROLE_USER') or hasRole('ROLE_UTILITY_ADMIN') or hasRole('ROLE_LEAVE_ADMIN') or hasRole('ROLE_LEAVE_SUPERVISOR') or hasRole('ROLE_LEAVE_USER') or hasRole('ROLE_ATTENDANCE_ADMIN') or hasRole('ROLE_ATTENDANCE_SUPERVISOR') or hasRole('ROLE_ATTENDANCE_USER') or hasRole('ROLE_SUPERVISOR')" />
			
		<security:intercept-url pattern="/deleteRequisition"
			access="hasRole('ROLE_ADMIN') or hasRole('ROLE_USER') or hasRole('ROLE_UTILITY_ADMIN') or hasRole('ROLE_LEAVE_ADMIN') or hasRole('ROLE_LEAVE_SUPERVISOR') or hasRole('ROLE_LEAVE_USER') or hasRole('ROLE_ATTENDANCE_ADMIN') or hasRole('ROLE_ATTENDANCE_SUPERVISOR') or hasRole('ROLE_ATTENDANCE_USER') or hasRole('ROLE_SUPERVISOR')" />
			
		<security:intercept-url pattern="/editRequisition"
			access="hasRole('ROLE_ADMIN') or hasRole('ROLE_USER') or hasRole('ROLE_UTILITY_ADMIN') or hasRole('ROLE_LEAVE_ADMIN') or hasRole('ROLE_LEAVE_SUPERVISOR') or hasRole('ROLE_LEAVE_USER') or hasRole('ROLE_ATTENDANCE_ADMIN') or hasRole('ROLE_ATTENDANCE_SUPERVISOR') or hasRole('ROLE_ATTENDANCE_USER') or hasRole('ROLE_SUPERVISOR')" />
			
		<security:intercept-url pattern="/viewRequisition"
			access="hasRole('ROLE_ADMIN') or hasRole('ROLE_USER') or hasRole('ROLE_UTILITY_ADMIN') or hasRole('ROLE_LEAVE_ADMIN') or hasRole('ROLE_LEAVE_SUPERVISOR') or hasRole('ROLE_LEAVE_USER') or hasRole('ROLE_ATTENDANCE_ADMIN') or hasRole('ROLE_ATTENDANCE_SUPERVISOR') or hasRole('ROLE_ATTENDANCE_USER') or hasRole('ROLE_SUPERVISOR')" />
			
		<security:intercept-url pattern="/approveRequisition"
			access="hasRole('ROLE_ADMIN') or hasRole('ROLE_USER') or hasRole('ROLE_UTILITY_ADMIN') or hasRole('ROLE_LEAVE_ADMIN') or hasRole('ROLE_LEAVE_SUPERVISOR') or hasRole('ROLE_LEAVE_USER') or hasRole('ROLE_ATTENDANCE_ADMIN') or hasRole('ROLE_ATTENDANCE_SUPERVISOR') or hasRole('ROLE_ATTENDANCE_USER') or hasRole('ROLE_SUPERVISOR')" />
			
		<security:intercept-url pattern="/rejectRequisition"
			access="hasRole('ROLE_ADMIN') or hasRole('ROLE_USER') or hasRole('ROLE_UTILITY_ADMIN') or hasRole('ROLE_LEAVE_ADMIN') or hasRole('ROLE_LEAVE_SUPERVISOR') or hasRole('ROLE_LEAVE_USER') or hasRole('ROLE_ATTENDANCE_ADMIN') or hasRole('ROLE_ATTENDANCE_SUPERVISOR') or hasRole('ROLE_ATTENDANCE_USER') or hasRole('ROLE_SUPERVISOR')" />
		
		<!-- tms end -->
		<!-- added by taleb end -->

		<!-- login & logout permission for all -->
		<security:form-login login-page="/login"
			default-target-url="/index" login-processing-url="/j_spring_security_check"
			username-parameter="j_username" password-parameter="j_password"
			always-use-default-target="true" authentication-failure-url="/loginfailed" />
		<security:logout logout-success-url="/login?logout"
			logout-url="/j_spring_security_logout" />
		<security:csrf disabled="true" />
	</security:http>

	<security:authentication-manager>
		<security:authentication-provider>
			<security:jdbc-user-service
				data-source-ref="dataSource"
				users-by-username-query="select username, password, status from user where username =? "
				authorities-by-username-query="select us.username, ur.authority from user us, userrole ur 
		      where us.id = ur.userid and us.username =? " />
		</security:authentication-provider>
	</security:authentication-manager>
	
	<!-- <bean id="springSecurityFilterChain" class="org.springframework.web.filter.DelegatingFilterProxy"/> -->

</beans>
