<?xml version="1.0" encoding="UTF-8"?>
<beans xmlns="http://www.springframework.org/schema/beans"
	xmlns:xsi="http://www.w3.org/2001/XMLSchema-instance" xmlns:tx="http://www.springframework.org/schema/tx"
	xmlns:mvc="http://www.springframework.org/schema/mvc" xmlns:p="http://www.springframework.org/schema/p"
	xmlns:context="http://www.springframework.org/schema/context"
	xsi:schemaLocation="http://www.springframework.org/schema/jdbc http://www.springframework.org/schema/jdbc/spring-jdbc-3.0.xsd
		http://www.springframework.org/schema/mvc http://www.springframework.org/schema/mvc/spring-mvc-4.2.xsd
		http://www.springframework.org/schema/beans http://www.springframework.org/schema/beans/spring-beans.xsd
		http://www.springframework.org/schema/context http://www.springframework.org/schema/context/spring-context-4.2.xsd
		http://www.springframework.org/schema/tx http://www.springframework.org/schema/tx/spring-tx-4.0.xsd">


	<mvc:annotation-driven enable-matrix-variables="true" />
	<mvc:resources location="/resources/" mapping="/resource/**"
		cache-period="120" />
	<context:component-scan base-package="com.ibasl.cfms" />
	<context:property-placeholder location="classpath:/database.properties" />
	<tx:annotation-driven transaction-manager="transactionManager" />
	<tx:annotation-driven proxy-target-class="true"/>


	<!-- Database Configure -->

	<bean id="dataSource"
		class="org.springframework.jdbc.datasource.DriverManagerDataSource">
		<property name="driverClassName" value="${jdbc.driverClassName}" />
		<property name="url" value="${jdbc.url}" />
		<property name="username" value="${jdbc.username}" />
		<property name="password" value="${jdbc.password}" />
	</bean>

	<bean id="sessionFactory"
		class="org.springframework.orm.hibernate4.LocalSessionFactoryBean">
		<property name="dataSource" ref="dataSource" />

		<property name="annotatedClasses">
			<list>	
				<value>com.ibasl.cfms.model.User</value>
				<value>com.ibasl.cfms.model.UserRole</value>				
				<!-- cfms-models -->
				<value>com.ibasl.cfms.model.Customer</value>	
				<value>com.ibasl.cfms.model.Supplier</value>	
				<value>com.ibasl.cfms.model.CFStatus</value>	
				<value>com.ibasl.cfms.model.Country</value>	
				<value>com.ibasl.cfms.model.CFJobs</value>
			</list>
		</property>
		<property name="hibernateProperties">
			<props>
				<prop key="hibernate.dialect">${hibernate.dialect}</prop>
				<prop key="hibernate.show_sql">${hibernate.show_sql}</prop>
				<prop key="hibernate.hbm2ddl.auto">${hibernate.hbm2ddl.auto}</prop>
			</props>
		</property>
	</bean>


	<!-- Hibernate Transaction Manager Configure -->

	<bean id="transactionManager"
		class="org.springframework.orm.hibernate4.HibernateTransactionManager">
		<property name="sessionFactory" ref="sessionFactory" />
	</bean>

	<bean
		class="org.springframework.web.servlet.view.InternalResourceViewResolver">
		<property name="prefix" value="/WEB-INF/views/" />
		<property name="suffix" value=".jsp" />
	</bean>

	<bean id="messageSource"
		class="org.springframework.context.support.ResourceBundleMessageSource">
		<property name="basename" value="messages" />
	</bean>
	
	<bean id="multipartResolver"
		class="org.springframework.web.multipart.commons.CommonsMultipartResolver">
		<property name="maxUploadSize" value="50000000" />
	</bean>

	<bean id="tilesViewResolver"
		class="org.springframework.web.servlet.view.UrlBasedViewResolver">
		<property name="viewClass"
			value="org.springframework.web.servlet.view.tiles3.TilesView" />
		<property name="order" value="-2" />
	</bean>

	<bean id="tilesConfigurer"
		class="org.springframework.web.servlet.view.tiles3.TilesConfigurer">
		<property name="definitions">
			<list>
				<value>/WEB-INF/tiles/definitions/tiles.xml</value>
			</list>
		</property>
	</bean>
	
	<bean class="org.springframework.web.servlet.view.XmlViewResolver"
			p:location="/WEB-INF/tiles/definitions/jasper-views.xml" p:order="0" />
	
	 <!-- Mail Configure -->
	<!--  https://myaccount.google.com/u/1/lesssecureapps --> 
	<!-- <bean id="mailSender" class="org.springframework.mail.javamail.JavaMailSenderImpl">
		<property name="host" value="smtp.gmail.com" />
		<property name="port" value="587" />
		<property name="username" value="lxn.hrm@gmail.com" />
		<property name="password" value="LXN@12345678" />
		<property name="javaMailProperties">
			<props>
				<prop key="mail.transport.protocol">smtp</prop>
				<prop key="mail.smtp.auth">true</prop>
				<prop key="mail.smtp.starttls.enable">true</prop>
				<prop key="mail.smtp.ssl.trust">smtp.gmail.com</prop>
			</props>
		</property>
	</bean> -->
	<bean id="mailSender" class="org.springframework.mail.javamail.JavaMailSenderImpl">
		<property name="host" value="smtp.gmail.com" />
		<property name="port" value="587" />
		<property name="username" value="smbakhtiarmail@gmail.com" />
		<property name="password" value="Changeme@1234" />
		<property name="javaMailProperties">
			<props>
				<prop key="mail.transport.protocol">smtp</prop>
				<prop key="mail.smtp.auth">true</prop>
				<prop key="mail.smtp.starttls.enable">true</prop>
				<prop key="mail.smtp.ssl.trust">smtp.gmail.com</prop>
			</props>
		</property>
	</bean>

</beans>
